country,year,gdp_per_capita
China,1000,1225.107
China,1090,1221.711
China,1150,1180.959
China,1400,1404.246
China,1410,1414.0
China,1420,1412.0
China,1430,1498.0
China,1440,1458.0
China,1450,1375.38
China,1460,1324.0
China,1470,1341.0
China,1480,1242.0
China,1490,1189.0
China,1500,1207.278
China,1510,1274.0
China,1520,1166.0
China,1530,1187.0
China,1540,1193.0
China,1550,1195.0
China,1560,1200.0
China,1570,1237.842
China,1580,1217.0
China,1590,1217.0
China,1600,1217.466
China,1610,1282.0
China,1620,1262.0
China,1661,1330.0
China,1685,1280.0
China,1690,1413.0
China,1700,1542.633
China,1710,1406.0
China,1720,1312.0
China,1724,1170.0
China,1730,1234.0
China,1740,1158.0
China,1750,1061.25
China,1760,1022.0
China,1766,991.0
China,1770,998.0
China,1780,981.0
China,1790,955.0
China,1800,926.259
China,1810,901.0
China,1820,882.0
China,1830,846.0
China,1840,849.0
China,1850,858.0
China,1870,945.0
China,1887,912.0
China,1890,964.0
China,1900,972.0
China,1911,905.0
China,1913,985.0
China,1929,1003.0
China,1930,1012.0
China,1931,1015.0
China,1932,1039.0
China,1933,923.0
China,1934,937.0
China,1935,1007.0
China,1936,1065.0
China,1937,1034.0
China,1938,1003.0
China,1950,799.0
China,1951,950.0
China,1952,1047.0
China,1953,1157.0
China,1954,1049.0
China,1955,1119.0
China,1956,1189.0
China,1957,1195.0
China,1958,1173.0
China,1959,1117.0
China,1960,1057.0
China,1961,874.0
China,1962,926.0
China,1963,1034.0
China,1964,1152.0
China,1965,1253.0
China,1966,1261.0
China,1967,1237.0
China,1968,1178.0
China,1969,1264.0
China,1970,1398.0
China,1971,1446.0
China,1972,1431.0
China,1973,1513.0
China,1974,1519.0
China,1975,1594.0
China,1976,1519.0
China,1977,1583.0
China,1978,1744.0
China,1979,1859.0
China,1980,1930.0
China,1981,1962.0
China,1982,2128.0
China,1983,2227.0
China,1984,2444.0
China,1985,2619.0
China,1986,2748.0
China,1987,2931.0
China,1988,3045.0
China,1989,3022.0
China,1990,2982.0
China,1991,3051.3152
China,1992,3227.7441
China,1993,3506.48
China,1994,3730.164
China,1995,3999.7292
China,1996,4219.644
China,1997,4310.828
China,1998,4309.847
China,1999,4466.7363
China,2000,4730.3545
China,2001,4995.1445
China,2002,5343.1123
China,2003,5649.4634
China,2004,6067.5913
China,2005,6626.592
China,2006,7271.0356
China,2007,7895.713
China,2008,8190.1123
China,2009,8734.041
China,2010,9658.419
China,2011,10221.0
China,2012,10946.834
China,2013,11731.295
China,2014,12515.198
China,2015,13325.432
China,2016,14138.955
China,2017,15030.447
China,2018,15977.008
China,2019,16879.54
China,2020,17225.969
China,2021,18666.605
China,2022,19238.18
India,1600,1264.0
India,1650,1189.0
India,1700,1162.0
India,1750,1068.0
India,1801,1033.0
India,1811,983.0
India,1821,937.0
India,1831,945.0
India,1841,944.0
India,1850,947.0
India,1851,947.0
India,1861,896.0
India,1870,850.0
India,1884,878.0
India,1885,904.0
India,1886,874.0
India,1887,912.0
India,1888,918.0
India,1889,891.0
India,1890,931.0
India,1891,843.0
India,1892,910.0
India,1893,931.0
India,1894,944.0
India,1895,920.0
India,1896,850.0
India,1897,1004.0
India,1898,1004.0
India,1899,925.0
India,1900,955.0
India,1901,969.0
India,1902,1044.0
India,1903,1052.0
India,1904,1050.0
India,1905,1025.0
India,1906,1047.0
India,1907,979.0
India,1908,987.0
India,1909,1116.0
India,1910,1111.0
India,1911,1101.0
India,1912,1098.0
India,1913,1073.0
India,1914,1130.0
India,1915,1101.0
India,1916,1132.0
India,1917,1111.0
India,1918,968.0
India,1919,1100.0
India,1920,1012.0
India,1921,1082.0
India,1922,1117.0
India,1923,1070.0
India,1924,1111.0
India,1925,1113.0
India,1926,1137.0
India,1927,1125.0
India,1928,1125.0
India,1929,1160.0
India,1930,1157.0
India,1931,1133.0
India,1932,1130.0
India,1933,1116.0
India,1934,1111.0
India,1935,1084.0
India,1936,1111.0
India,1937,1078.0
India,1938,1065.0
India,1939,1074.0
India,1940,1093.0
India,1941,1101.0
India,1942,1082.0
India,1943,1113.0
India,1944,1089.0
India,1945,1058.0
India,1946,991.0
India,1947,985.0
India,1948,983.0
India,1949,995.0
India,1950,987.0
India,1951,993.0
India,1952,1003.0
India,1953,1047.0
India,1954,1071.0
India,1955,1078.0
India,1956,1117.0
India,1957,1084.0
India,1958,1141.0
India,1959,1143.0
India,1960,1200.0
India,1961,1208.0
India,1962,1208.0
India,1963,1242.0
India,1964,1309.0
India,1965,1229.0
India,1966,1215.0
India,1967,1286.0
India,1968,1290.0
India,1969,1347.0
India,1970,1384.0
India,1971,1364.0
India,1972,1329.0
India,1973,1360.0
India,1974,1344.0
India,1975,1430.0
India,1976,1417.0
India,1977,1494.0
India,1978,1540.0
India,1979,1427.0
India,1980,1495.0
India,1981,1557.0
India,1982,1570.0
India,1983,1663.0
India,1984,1690.0
India,1985,1720.0
India,1986,1755.0
India,1987,1793.0
India,1988,1938.0
India,1989,2024.0
India,1990,2087.0
India,1991,2062.3103
India,1992,2115.2573
India,1993,2176.4277
India,1994,2254.899
India,1995,2355.9631
India,1996,2475.568
India,1997,2514.0217
India,1998,2611.7815
India,1999,2707.7407
India,2000,2753.0854
India,2001,2837.8555
India,2002,2870.9236
India,2003,3035.9226
India,2004,3212.511
India,2005,3396.6487
India,2006,3629.4111
India,2007,3870.699
India,2008,4030.6543
India,2009,4270.708
India,2010,4525.7456
India,2011,4768.0
India,2012,4982.083
India,2013,5224.1445
India,2014,5524.1147
India,2015,5869.8467
India,2016,6326.0645
India,2017,6638.7275
India,2018,7046.4365
India,2019,7293.9897
India,2020,6730.547
India,2021,7315.1216
India,2022,7765.593
Mexico,1550,574.0
Mexico,1570,606.0
Mexico,1595,746.0
Mexico,1596,752.0
Mexico,1597,740.0
Mexico,1598,741.0
Mexico,1599,767.0
Mexico,1600,799.0
Mexico,1601,811.0
Mexico,1602,821.0
Mexico,1603,835.0
Mexico,1604,853.0
Mexico,1605,867.0
Mexico,1606,891.0
Mexico,1607,907.0
Mexico,1608,936.0
Mexico,1609,964.0
Mexico,1610,976.0
Mexico,1611,979.0
Mexico,1612,1003.0
Mexico,1613,1009.0
Mexico,1614,1004.0
Mexico,1615,999.0
Mexico,1616,993.0
Mexico,1617,996.0
Mexico,1618,1001.0
Mexico,1619,987.0
Mexico,1620,1003.0
Mexico,1621,1014.0
Mexico,1622,1023.0
Mexico,1623,1022.0
Mexico,1624,1015.0
Mexico,1625,1022.0
Mexico,1626,1050.0
Mexico,1627,1079.0
Mexico,1628,1078.0
Mexico,1629,1089.0
Mexico,1630,1121.0
Mexico,1631,1121.0
Mexico,1632,1117.0
Mexico,1633,1119.0
Mexico,1634,1117.0
Mexico,1635,1137.0
Mexico,1636,1152.0
Mexico,1637,1129.0
Mexico,1638,1098.0
Mexico,1639,1092.0
Mexico,1640,1090.0
Mexico,1641,1090.0
Mexico,1642,1092.0
Mexico,1643,1090.0
Mexico,1644,1087.0
Mexico,1645,1081.0
Mexico,1646,1078.0
Mexico,1647,1089.0
Mexico,1648,1117.0
Mexico,1649,1146.0
Mexico,1650,1172.0
Mexico,1651,1164.0
Mexico,1652,1167.0
Mexico,1653,1165.0
Mexico,1654,1165.0
Mexico,1655,1168.0
Mexico,1656,1162.0
Mexico,1657,1146.0
Mexico,1658,1148.0
Mexico,1659,1157.0
Mexico,1660,1172.0
Mexico,1661,1181.0
Mexico,1662,1180.0
Mexico,1663,1176.0
Mexico,1664,1216.0
Mexico,1665,1278.0
Mexico,1666,1336.0
Mexico,1667,1379.0
Mexico,1668,1388.0
Mexico,1669,1406.0
Mexico,1670,1428.0
Mexico,1671,1451.0
Mexico,1672,1457.0
Mexico,1673,1466.0
Mexico,1674,1474.0
Mexico,1675,1449.0
Mexico,1676,1396.0
Mexico,1677,1350.0
Mexico,1678,1326.0
Mexico,1679,1318.0
Mexico,1680,1301.0
Mexico,1681,1256.0
Mexico,1682,1223.0
Mexico,1683,1213.0
Mexico,1684,1218.0
Mexico,1685,1258.0
Mexico,1686,1274.0
Mexico,1687,1269.0
Mexico,1688,1270.0
Mexico,1689,1286.0
Mexico,1690,1278.0
Mexico,1691,1267.0
Mexico,1692,1304.0
Mexico,1693,1326.0
Mexico,1694,1376.0
Mexico,1695,1382.0
Mexico,1696,1380.0
Mexico,1697,1393.0
Mexico,1698,1415.0
Mexico,1699,1443.0
Mexico,1700,1476.0
Mexico,1701,1498.0
Mexico,1702,1541.0
Mexico,1703,1564.0
Mexico,1704,1538.0
Mexico,1705,1478.0
Mexico,1706,1465.0
Mexico,1707,1431.0
Mexico,1708,1406.0
Mexico,1709,1441.0
Mexico,1710,1490.0
Mexico,1711,1516.0
Mexico,1712,1540.0
Mexico,1713,1525.0
Mexico,1714,1490.0
Mexico,1715,1510.0
Mexico,1716,1529.0
Mexico,1717,1529.0
Mexico,1718,1537.0
Mexico,1719,1557.0
Mexico,1720,1522.0
Mexico,1721,1451.0
Mexico,1722,1384.0
Mexico,1723,1355.0
Mexico,1724,1350.0
Mexico,1725,1352.0
Mexico,1726,1339.0
Mexico,1727,1334.0
Mexico,1728,1321.0
Mexico,1729,1320.0
Mexico,1730,1328.0
Mexico,1731,1353.0
Mexico,1732,1358.0
Mexico,1733,1353.0
Mexico,1734,1339.0
Mexico,1735,1329.0
Mexico,1736,1309.0
Mexico,1737,1302.0
Mexico,1738,1307.0
Mexico,1739,1320.0
Mexico,1740,1325.0
Mexico,1741,1305.0
Mexico,1742,1277.0
Mexico,1743,1269.0
Mexico,1744,1253.0
Mexico,1745,1242.0
Mexico,1746,1254.0
Mexico,1747,1290.0
Mexico,1748,1313.0
Mexico,1749,1305.0
Mexico,1750,1296.0
Mexico,1751,1301.0
Mexico,1752,1361.0
Mexico,1753,1398.0
Mexico,1754,1415.0
Mexico,1755,1430.0
Mexico,1756,1454.0
Mexico,1757,1462.0
Mexico,1758,1465.0
Mexico,1759,1465.0
Mexico,1760,1476.0
Mexico,1761,1486.0
Mexico,1762,1487.0
Mexico,1763,1417.0
Mexico,1764,1392.0
Mexico,1765,1390.0
Mexico,1766,1404.0
Mexico,1767,1403.0
Mexico,1768,1393.0
Mexico,1769,1382.0
Mexico,1770,1388.0
Mexico,1771,1369.0
Mexico,1772,1382.0
Mexico,1773,1393.0
Mexico,1774,1433.0
Mexico,1775,1439.0
Mexico,1776,1446.0
Mexico,1777,1447.0
Mexico,1778,1470.0
Mexico,1779,1478.0
Mexico,1780,1460.0
Mexico,1781,1423.0
Mexico,1782,1406.0
Mexico,1783,1352.0
Mexico,1784,1312.0
Mexico,1785,1294.0
Mexico,1786,1298.0
Mexico,1787,1302.0
Mexico,1788,1302.0
Mexico,1789,1304.0
Mexico,1790,1298.0
Mexico,1791,1331.0
Mexico,1792,1353.0
Mexico,1793,1374.0
Mexico,1794,1385.0
Mexico,1795,1388.0
Mexico,1796,1380.0
Mexico,1797,1356.0
Mexico,1798,1341.0
Mexico,1799,1323.0
Mexico,1800,1305.0
Mexico,1801,1298.0
Mexico,1802,1274.0
Mexico,1803,1264.0
Mexico,1804,1240.0
Mexico,1805,1223.0
Mexico,1806,1202.0
Mexico,1807,1172.0
Mexico,1808,1143.0
Mexico,1809,1111.0
Mexico,1810,1073.0
Mexico,1811,1044.0
Mexico,1820,1007.0
Mexico,1850,1054.0
Mexico,1860,921.0
Mexico,1870,1046.0
Mexico,1890,1568.0
Mexico,1895,1757.0
Mexico,1896,1785.0
Mexico,1897,1878.0
Mexico,1898,1959.0
Mexico,1899,1835.0
Mexico,1900,1822.0
Mexico,1901,1957.0
Mexico,1902,1796.0
Mexico,1903,1978.0
Mexico,1904,1992.0
Mexico,1905,2177.0
Mexico,1906,2130.0
Mexico,1907,2232.0
Mexico,1908,2203.0
Mexico,1909,2244.0
Mexico,1910,2240.0
Mexico,1911,2150.0
Mexico,1912,2131.0
Mexico,1913,2004.0
Mexico,1914,2007.0
Mexico,1915,1978.0
Mexico,1916,2130.0
Mexico,1917,2220.0
Mexico,1918,2308.0
Mexico,1919,2399.0
Mexico,1920,2552.0
Mexico,1921,2542.0
Mexico,1922,2562.0
Mexico,1923,2608.0
Mexico,1924,2523.0
Mexico,1925,2640.0
Mexico,1926,2756.0
Mexico,1927,2590.0
Mexico,1928,2565.0
Mexico,1929,2424.0
Mexico,1930,2233.0
Mexico,1931,2268.0
Mexico,1932,1890.0
Mexico,1933,2071.0
Mexico,1934,2176.0
Mexico,1935,2299.0
Mexico,1936,2444.0
Mexico,1937,2482.0
Mexico,1938,2479.0
Mexico,1939,2570.0
Mexico,1940,2560.0
Mexico,1941,2738.0
Mexico,1942,2817.0
Mexico,1943,2844.0
Mexico,1944,2998.0
Mexico,1945,3009.0
Mexico,1946,3124.0
Mexico,1947,3145.0
Mexico,1948,3188.0
Mexico,1949,3276.0
Mexico,1950,3510.0
Mexico,1951,3673.0
Mexico,1952,3706.0
Mexico,1953,3602.0
Mexico,1954,3851.0
Mexico,1955,4060.0
Mexico,1956,4213.0
Mexico,1957,4403.0
Mexico,1958,4501.0
Mexico,1959,4497.0
Mexico,1960,4723.0
Mexico,1961,4807.0
Mexico,1962,4881.0
Mexico,1963,5118.0
Mexico,1964,5555.0
Mexico,1965,5737.0
Mexico,1966,5950.0
Mexico,1967,6132.0
Mexico,1968,6432.0
Mexico,1969,6629.0
Mexico,1970,6873.0
Mexico,1971,6912.0
Mexico,1972,7256.0
Mexico,1973,7597.0
Mexico,1974,7801.0
Mexico,1975,8011.0
Mexico,1976,8131.0
Mexico,1977,8177.0
Mexico,1978,8690.0
Mexico,1979,9307.0
Mexico,1980,9929.0
Mexico,1981,10538.0
Mexico,1982,10240.0
Mexico,1983,9656.0
Mexico,1984,9777.0
Mexico,1985,9785.0
Mexico,1986,9283.0
Mexico,1987,9256.0
Mexico,1988,9193.0
Mexico,1989,9392.0
Mexico,1990,9699.0
Mexico,1991,10008.551
Mexico,1992,10262.211
Mexico,1993,10357.829
Mexico,1994,10721.008
Mexico,1995,9944.953
Mexico,1996,10386.499
Mexico,1997,11030.343
Mexico,1998,11510.877
Mexico,1999,11894.203
Mexico,2000,12613.396
Mexico,2001,12565.465
Mexico,2002,12645.504
Mexico,2003,12793.956
Mexico,2004,13287.6
Mexico,2005,13655.801
Mexico,2006,14287.559
Mexico,2007,14684.728
Mexico,2008,14808.09
Mexico,2009,14026.989
Mexico,2010,14697.298
Mexico,2011,15210.0
Mexico,2012,15547.994
Mexico,2013,15614.781
Mexico,2014,15883.877
Mexico,2015,16235.004
Mexico,2016,16705.047
Mexico,2017,16900.13
Mexico,2018,17055.117
Mexico,2019,16802.014
Mexico,2020,15253.691
Mexico,2021,15853.376
Mexico,2022,16235.455
UK,1000,1151.0
UK,1252,1320.0
UK,1253,1328.0
UK,1254,1317.0
UK,1255,1285.0
UK,1256,1255.0
UK,1257,1240.0
UK,1258,1418.0
UK,1259,1191.0
UK,1260,1292.0
UK,1261,1286.0
UK,1262,1219.0
UK,1263,1205.0
UK,1264,1182.0
UK,1265,1185.0
UK,1266,1401.0
UK,1267,1313.0
UK,1268,1211.0
UK,1269,1225.0
UK,1270,1192.0
UK,1271,1177.0
UK,1272,1220.0
UK,1273,1149.0
UK,1274,1143.0
UK,1275,1304.0
UK,1276,1146.0
UK,1277,1222.0
UK,1278,1265.0
UK,1279,1048.0
UK,1280,1058.0
UK,1281,1118.0
UK,1282,1078.0
UK,1283,1019.0
UK,1284,1048.0
UK,1285,1055.0
UK,1286,1034.0
UK,1287,1125.0
UK,1288,1085.0
UK,1289,995.0
UK,1290,1004.0
UK,1291,1006.0
UK,1292,1060.0
UK,1293,1086.0
UK,1294,1078.0
UK,1295,1155.0
UK,1296,1202.0
UK,1297,1151.0
UK,1298,1211.0
UK,1299,1167.0
UK,1300,1159.0
UK,1301,1168.0
UK,1302,1199.0
UK,1303,1249.0
UK,1304,1130.0
UK,1305,1162.0
UK,1306,1129.0
UK,1307,1184.0
UK,1308,1199.0
UK,1309,1229.0
UK,1310,1213.0
UK,1311,1257.0
UK,1312,1224.0
UK,1313,1246.0
UK,1314,1247.0
UK,1315,1121.0
UK,1316,1072.0
UK,1317,1136.0
UK,1318,1270.0
UK,1319,1292.0
UK,1320,1266.0
UK,1321,1085.0
UK,1322,1156.0
UK,1323,1215.0
UK,1324,1122.0
UK,1325,1230.0
UK,1326,1245.0
UK,1327,1222.0
UK,1328,1135.0
UK,1329,1193.0
UK,1330,1161.0
UK,1331,1106.0
UK,1332,1163.0
UK,1333,1197.0
UK,1334,1156.0
UK,1335,1107.0
UK,1336,1159.0
UK,1337,1283.0
UK,1338,1307.0
UK,1339,1066.0
UK,1340,1194.0
UK,1341,1205.0
UK,1342,1261.0
UK,1343,1225.0
UK,1344,1307.0
UK,1345,1216.0
UK,1346,1155.0
UK,1347,1199.0
UK,1348,1229.0
UK,1349,1154.0
UK,1350,1314.0
UK,1351,1519.0
UK,1352,1574.0
UK,1353,1579.0
UK,1354,1512.0
UK,1355,1559.0
UK,1356,1537.0
UK,1357,1567.0
UK,1358,1575.0
UK,1359,1592.0
UK,1360,1581.0
UK,1361,1526.0
UK,1362,1486.0
UK,1363,1443.0
UK,1364,1603.0
UK,1365,1531.0
UK,1366,1578.0
UK,1367,1481.0
UK,1368,1471.0
UK,1369,1373.0
UK,1370,1539.0
UK,1371,1489.0
UK,1372,1347.0
UK,1373,1458.0
UK,1374,1341.0
UK,1375,1294.0
UK,1376,1495.0
UK,1377,1539.0
UK,1378,1523.0
UK,1379,1398.0
UK,1380,1462.0
UK,1381,1500.0
UK,1382,1553.0
UK,1383,1485.0
UK,1384,1680.0
UK,1385,1532.0
UK,1386,1714.0
UK,1387,1728.0
UK,1388,1599.0
UK,1389,1656.0
UK,1390,1554.0
UK,1391,1743.0
UK,1392,1967.0
UK,1393,1630.0
UK,1394,1795.0
UK,1395,1723.0
UK,1396,1738.0
UK,1397,1705.0
UK,1398,1830.0
UK,1399,1762.0
UK,1400,1717.0
UK,1401,1696.0
UK,1402,1742.0
UK,1403,1770.0
UK,1404,1801.0
UK,1405,1805.0
UK,1406,1674.0
UK,1407,1677.0
UK,1408,1552.0
UK,1409,1607.0
UK,1410,1708.0
UK,1411,1673.0
UK,1412,1635.0
UK,1413,1483.0
UK,1414,1686.0
UK,1415,1726.0
UK,1416,1665.0
UK,1417,1821.0
UK,1418,1729.0
UK,1419,1821.0
UK,1420,1778.0
UK,1421,1661.0
UK,1422,1716.0
UK,1423,1812.0
UK,1424,1827.0
UK,1425,1765.0
UK,1426,1712.0
UK,1427,1668.0
UK,1428,1567.0
UK,1429,1622.0
UK,1430,1669.0
UK,1431,1681.0
UK,1432,1664.0
UK,1433,1717.0
UK,1434,1823.0
UK,1435,1623.0
UK,1436,1515.0
UK,1437,1457.0
UK,1438,1533.0
UK,1439,1605.0
UK,1440,1623.0
UK,1441,1438.0
UK,1442,1492.0
UK,1443,1808.0
UK,1444,1810.0
UK,1445,1564.0
UK,1446,1667.0
UK,1447,1711.0
UK,1448,1772.0
UK,1449,1629.0
UK,1450,1683.0
UK,1451,1685.0
UK,1452,1663.0
UK,1453,1676.0
UK,1454,1677.0
UK,1455,1663.0
UK,1456,1680.0
UK,1457,1536.0
UK,1458,1625.0
UK,1459,1599.0
UK,1460,1598.0
UK,1461,1603.0
UK,1462,1752.0
UK,1463,1772.0
UK,1464,1615.0
UK,1465,1567.0
UK,1466,1554.0
UK,1467,1600.0
UK,1468,1669.0
UK,1469,1645.0
UK,1470,1597.0
UK,1471,1525.0
UK,1472,1575.0
UK,1473,1560.0
UK,1474,1642.0
UK,1475,1592.0
UK,1476,1475.0
UK,1477,1541.0
UK,1478,1583.0
UK,1479,1672.0
UK,1480,1718.0
UK,1481,1640.0
UK,1482,1566.0
UK,1483,1641.0
UK,1484,1623.0
UK,1485,1532.0
UK,1486,1696.0
UK,1487,1548.0
UK,1488,1579.0
UK,1489,1612.0
UK,1490,1620.0
UK,1491,1632.0
UK,1492,1649.0
UK,1493,1620.0
UK,1494,1695.0
UK,1495,1659.0
UK,1496,1605.0
UK,1497,1710.0
UK,1498,1724.0
UK,1499,1728.0
UK,1500,1697.0
UK,1501,1633.0
UK,1502,1689.0
UK,1503,1757.0
UK,1504,1758.0
UK,1505,1773.0
UK,1506,1776.0
UK,1507,1740.0
UK,1508,1760.0
UK,1509,1837.0
UK,1510,1768.0
UK,1511,1799.0
UK,1512,1715.0
UK,1513,1785.0
UK,1514,1777.0
UK,1515,1820.0
UK,1516,1800.0
UK,1517,1800.0
UK,1518,1805.0
UK,1519,1784.0
UK,1520,1755.0
UK,1521,1791.0
UK,1522,1818.0
UK,1523,1847.0
UK,1524,1866.0
UK,1525,1848.0
UK,1526,1852.0
UK,1527,1713.0
UK,1528,1722.0
UK,1529,1741.0
UK,1530,1755.0
UK,1531,1689.0
UK,1532,1741.0
UK,1533,1725.0
UK,1534,1795.0
UK,1535,1665.0
UK,1536,1639.0
UK,1537,1758.0
UK,1538,1657.0
UK,1539,1780.0
UK,1540,1713.0
UK,1541,1659.0
UK,1542,1711.0
UK,1543,1649.0
UK,1544,1734.0
UK,1545,1680.0
UK,1546,1705.0
UK,1547,1841.0
UK,1548,1755.0
UK,1549,1678.0
UK,1550,1654.0
UK,1551,1604.0
UK,1552,1528.0
UK,1553,1781.0
UK,1554,1616.0
UK,1555,1599.0
UK,1556,1295.0
UK,1557,1419.0
UK,1558,1843.0
UK,1559,1744.0
UK,1560,1753.0
UK,1561,1778.0
UK,1562,1762.0
UK,1563,1913.0
UK,1564,1843.0
UK,1565,1839.0
UK,1566,2056.0
UK,1567,1920.0
UK,1568,1911.0
UK,1569,1895.0
UK,1570,1737.0
UK,1571,1737.0
UK,1572,1675.0
UK,1573,1914.0
UK,1574,1689.0
UK,1575,1876.0
UK,1576,1929.0
UK,1577,1630.0
UK,1578,1854.0
UK,1579,1820.0
UK,1580,1716.0
UK,1581,1654.0
UK,1582,1476.0
UK,1583,1661.0
UK,1584,1597.0
UK,1585,1396.0
UK,1586,1356.0
UK,1587,1502.0
UK,1588,1690.0
UK,1589,1474.0
UK,1590,1558.0
UK,1591,1568.0
UK,1592,1692.0
UK,1593,1792.0
UK,1594,1454.0
UK,1595,1453.0
UK,1596,1379.0
UK,1597,1316.0
UK,1598,1569.0
UK,1599,1788.0
UK,1600,1691.0
UK,1601,1671.0
UK,1602,1751.0
UK,1603,1849.0
UK,1604,1967.0
UK,1605,1752.0
UK,1606,1831.0
UK,1607,1660.0
UK,1608,1571.0
UK,1609,1812.0
UK,1610,1919.0
UK,1611,1757.0
UK,1612,1675.0
UK,1613,1612.0
UK,1614,1555.0
UK,1615,1681.0
UK,1616,1586.0
UK,1617,1749.0
UK,1618,1740.0
UK,1619,1586.0
UK,1620,1842.0
UK,1621,1832.0
UK,1622,1581.0
UK,1623,1568.0
UK,1624,1781.0
UK,1625,1798.0
UK,1626,1730.0
UK,1627,1733.0
UK,1628,1947.0
UK,1629,1430.0
UK,1630,1416.0
UK,1631,1451.0
UK,1632,1630.0
UK,1633,1501.0
UK,1634,1519.0
UK,1635,1571.0
UK,1636,1526.0
UK,1637,1476.0
UK,1638,1624.0
UK,1639,1640.0
UK,1640,1683.0
UK,1641,1499.0
UK,1642,1635.0
UK,1643,1725.0
UK,1644,1745.0
UK,1645,1511.0
UK,1646,1524.0
UK,1647,1515.0
UK,1648,1535.0
UK,1649,1508.0
UK,1650,1446.0
UK,1651,1527.0
UK,1652,1720.0
UK,1653,1920.0
UK,1654,1903.0
UK,1655,1982.0
UK,1656,1835.0
UK,1657,1727.0
UK,1658,1702.0
UK,1659,1441.0
UK,1660,1578.0
UK,1661,1610.0
UK,1662,1664.0
UK,1663,1959.0
UK,1664,1828.0
UK,1665,1907.0
UK,1666,2135.0
UK,1667,2196.0
UK,1668,1940.0
UK,1669,1991.0
UK,1670,1934.0
UK,1671,1873.0
UK,1672,1860.0
UK,1673,1897.0
UK,1674,1806.0
UK,1675,1853.0
UK,1676,2191.0
UK,1677,2029.0
UK,1678,2103.0
UK,1679,1963.0
UK,1680,2209.0
UK,1681,2004.0
UK,1682,2150.0
UK,1683,2323.0
UK,1684,1946.0
UK,1685,2110.0
UK,1686,1949.0
UK,1687,2169.0
UK,1688,2333.0
UK,1689,2233.0
UK,1690,2386.0
UK,1691,2400.0
UK,1692,2595.0
UK,1693,2197.0
UK,1694,2616.0
UK,1695,2502.0
UK,1696,2392.0
UK,1697,2361.0
UK,1698,2417.0
UK,1699,2324.0
UK,1700,2412.0
UK,1701,2613.0
UK,1702,2526.0
UK,1703,2345.0
UK,1704,2778.0
UK,1705,2630.0
UK,1706,2220.0
UK,1707,2485.0
UK,1708,2636.0
UK,1709,2278.0
UK,1710,2066.0
UK,1711,2255.0
UK,1712,2257.0
UK,1713,2157.0
UK,1714,2364.0
UK,1715,2294.0
UK,1716,2367.0
UK,1717,2483.0
UK,1718,2606.0
UK,1719,2542.0
UK,1720,2715.0
UK,1721,2611.0
UK,1722,2636.0
UK,1723,2563.0
UK,1724,2528.0
UK,1725,2585.0
UK,1726,2483.0
UK,1727,2455.0
UK,1728,2554.0
UK,1729,2452.0
UK,1730,2538.0
UK,1731,2499.0
UK,1732,2654.0
UK,1733,2699.0
UK,1734,2662.0
UK,1735,2576.0
UK,1736,2745.0
UK,1737,2582.0
UK,1738,2619.0
UK,1739,2584.0
UK,1740,2526.0
UK,1741,2595.0
UK,1742,2683.0
UK,1743,2621.0
UK,1744,2565.0
UK,1745,2577.0
UK,1746,2641.0
UK,1747,2750.0
UK,1748,2713.0
UK,1749,2681.0
UK,1750,2702.0
UK,1751,2627.0
UK,1752,2738.0
UK,1753,2743.0
UK,1754,2648.0
UK,1755,2710.0
UK,1756,2643.0
UK,1757,2783.0
UK,1758,2815.0
UK,1759,2850.0
UK,1760,2915.0
UK,1761,3011.0
UK,1762,2917.0
UK,1763,2914.0
UK,1764,2898.0
UK,1765,2853.0
UK,1766,2879.0
UK,1767,2891.0
UK,1768,2911.0
UK,1769,3056.0
UK,1770,2952.0
UK,1771,2989.0
UK,1772,2890.0
UK,1773,2920.0
UK,1774,2834.0
UK,1775,2895.0
UK,1776,2962.0
UK,1777,3017.0
UK,1778,2966.0
UK,1779,2931.0
UK,1780,3049.0
UK,1781,3102.0
UK,1782,3048.0
UK,1783,3027.0
UK,1784,3009.0
UK,1785,2962.0
UK,1786,2981.0
UK,1787,2898.0
UK,1788,2861.0
UK,1789,2888.0
UK,1790,3072.0
UK,1791,3046.0
UK,1792,3134.0
UK,1793,3051.0
UK,1794,2925.0
UK,1795,3207.0
UK,1796,3233.0
UK,1797,3167.0
UK,1798,3161.0
UK,1799,3207.0
UK,1800,3343.0
UK,1801,3351.0
UK,1802,3360.0
UK,1803,3252.0
UK,1804,3204.0
UK,1805,3347.0
UK,1806,3287.0
UK,1807,3454.0
UK,1808,3250.0
UK,1809,3309.0
UK,1810,3478.0
UK,1811,3397.0
UK,1812,3207.0
UK,1813,3328.0
UK,1814,3204.0
UK,1815,3489.0
UK,1816,3250.0
UK,1817,3253.0
UK,1818,3201.0
UK,1819,3103.0
UK,1820,3306.0
UK,1821,3308.0
UK,1822,3315.0
UK,1823,3359.0
UK,1824,3492.0
UK,1825,3521.0
UK,1826,3290.0
UK,1827,3499.0
UK,1828,3461.0
UK,1829,3443.0
UK,1830,3550.0
UK,1831,3545.0
UK,1832,3612.0
UK,1833,3599.0
UK,1834,3639.0
UK,1835,3861.0
UK,1836,3937.0
UK,1837,3857.0
UK,1838,3963.0
UK,1839,3881.0
UK,1840,4018.0
UK,1841,3894.0
UK,1842,3808.0
UK,1843,3950.0
UK,1844,4245.0
UK,1845,4387.0
UK,1846,4334.0
UK,1847,4234.0
UK,1848,4361.0
UK,1849,4422.0
UK,1850,4332.0
UK,1851,4477.0
UK,1852,4626.0
UK,1853,4734.0
UK,1854,4909.0
UK,1855,4748.0
UK,1856,5013.0
UK,1857,5019.0
UK,1858,4879.0
UK,1859,5031.0
UK,1860,5086.0
UK,1861,5024.0
UK,1862,4764.0
UK,1863,5165.0
UK,1864,5255.0
UK,1865,5333.0
UK,1866,5451.0
UK,1867,5424.0
UK,1868,5636.0
UK,1869,5635.0
UK,1870,5829.0
UK,1871,5797.0
UK,1872,5769.0
UK,1873,5842.0
UK,1874,5874.0
UK,1875,5950.0
UK,1876,5938.0
UK,1877,5923.0
UK,1878,5879.0
UK,1879,5786.0
UK,1880,5997.0
UK,1881,6146.0
UK,1882,6269.0
UK,1883,6264.0
UK,1884,6220.0
UK,1885,6132.0
UK,1886,6170.0
UK,1887,6358.0
UK,1888,6585.0
UK,1889,6876.0
UK,1890,6845.0
UK,1891,6781.0
UK,1892,6553.0
UK,1893,6486.0
UK,1894,6851.0
UK,1895,6996.0
UK,1896,7211.0
UK,1897,7229.0
UK,1898,7500.0
UK,1899,7729.0
UK,1900,7594.0
UK,1901,7516.0
UK,1902,7635.0
UK,1903,7482.0
UK,1904,7455.0
UK,1905,7603.0
UK,1906,7782.0
UK,1907,7855.0
UK,1908,7461.0
UK,1909,7557.0
UK,1910,7718.0
UK,1911,7874.0
UK,1912,7954.0
UK,1913,8212.0
UK,1914,8131.0
UK,1915,8639.0
UK,1916,8702.0
UK,1917,8665.0
UK,1918,8630.0
UK,1919,7605.0
UK,1920,7017.0
UK,1921,6792.0
UK,1922,7391.0
UK,1923,7587.0
UK,1924,7844.0
UK,1925,8199.0
UK,1926,7868.0
UK,1927,8472.0
UK,1928,8539.0
UK,1929,8772.0
UK,1930,8673.0
UK,1931,8190.0
UK,1932,8206.0
UK,1933,8411.0
UK,1934,8939.0
UK,1935,9244.0
UK,1936,9620.0
UK,1937,9911.0
UK,1938,9988.0
UK,1939,9982.0
UK,1940,10928.0
UK,1941,11926.0
UK,1942,12176.0
UK,1943,12344.0
UK,1944,11803.0
UK,1945,11247.0
UK,1946,10751.0
UK,1947,10527.0
UK,1948,10753.0
UK,1949,11088.0
UK,1950,11061.0
UK,1951,11354.0
UK,1952,11303.0
UK,1953,11709.0
UK,1954,12145.0
UK,1955,12541.0
UK,1956,12639.0
UK,1957,12779.0
UK,1958,12698.0
UK,1959,13134.0
UK,1960,13780.0
UK,1961,14118.0
UK,1962,14131.0
UK,1963,14583.0
UK,1964,15251.0
UK,1965,15545.0
UK,1966,15757.0
UK,1967,16018.0
UK,1968,16593.0
UK,1969,16820.0
UK,1970,17162.0
UK,1971,17440.0
UK,1972,18002.0
UK,1973,19168.0
UK,1974,18903.0
UK,1975,18884.0
UK,1976,19311.0
UK,1977,19740.0
UK,1978,20448.0
UK,1979,20988.0
UK,1980,20612.0
UK,1981,20319.0
UK,1982,20650.0
UK,1983,21366.0
UK,1984,21869.0
UK,1985,22579.0
UK,1986,23498.0
UK,1987,24536.0
UK,1988,25679.0
UK,1989,26164.0
UK,1990,26189.0
UK,1991,25792.014
UK,1992,25790.186
UK,1993,26349.342
UK,1994,27277.543
UK,1995,27861.215
UK,1996,28472.248
UK,1997,29259.764
UK,1998,30077.385
UK,1999,30932.537
UK,2000,31946.037
UK,2001,32660.441
UK,2002,33271.3
UK,2003,34232.426
UK,2004,34865.78
UK,2005,35623.625
UK,2006,36214.07
UK,2007,36816.676
UK,2008,36264.79
UK,2009,34402.36
UK,2010,34754.473
UK,2011,34971.0
UK,2012,35243.64
UK,2013,35660.56
UK,2014,36521.86
UK,2015,37101.227
UK,2016,37593.906
UK,2017,38283.938
UK,2018,38704.6
UK,2019,39113.01
UK,2020,34651.184
UK,2021,37134.33
UK,2022,38406.53
US,1650,897.0
US,1720,1768.9856
US,1775,2419.0
US,1800,2545.488
US,1801,2591.7695
US,1802,2635.48
US,1803,2590.484
US,1804,2587.9128
US,1805,2643.1936
US,1806,2690.7607
US,1807,2717.7583
US,1808,2526.204
US,1809,2652.1929
US,1810,2725.472
US,1811,2780.7527
US,1812,2731.9
US,1813,2762.7544
US,1814,2815.464
US,1815,2803.8936
US,1816,2690.7607
US,1817,2688.1897
US,1818,2694.6177
US,1819,2690.7607
US,1820,2674.048
US,1821,2715.1873
US,1822,2791.0376
US,1823,2760.183
US,1824,2836.0337
US,1825,2897.7424
US,1826,2918.312
US,1827,2929.8823
US,1828,2929.8823
US,1829,2833.4624
US,1830,3039.1584
US,1831,3225.5703
US,1832,3342.56
US,1833,3459.5496
US,1834,3294.993
US,1835,3419.696
US,1836,3469.8345
US,1837,3360.5583
US,1838,3329.704
US,1839,3491.6897
US,1840,3319.4192
US,1841,3252.568
US,1842,3222.9993
US,1843,3274.423
US,1844,3453.1216
US,1845,3505.8313
US,1846,3526.401
US,1847,3618.964
US,1848,3712.8127
US,1849,3616.3928
US,1850,3631.82
US,1851,3778.3784
US,1852,3971.2185
US,1853,4242.48
US,1854,4254.0503
US,1855,4161.4873
US,1856,4247.6226
US,1857,4156.3447
US,1858,4176.9146
US,1859,4288.7617
US,1860,4401.8945
US,1861,4311.9023
US,1862,4446.8906
US,1863,4733.579
US,1864,4889.1367
US,1865,4637.159
US,1866,4599.877
US,1867,4751.5776
US,1868,4815.8574
US,1869,4943.132
US,1870,4803.0015
US,1871,4918.7056
US,1872,4991.985
US,1873,5116.688
US,1874,4964.9873
US,1875,5105.1177
US,1876,5049.837
US,1877,5098.6895
US,1878,5198.9663
US,1879,5715.778
US,1880,6255.7295
US,1881,6317.4385
US,1882,6557.8457
US,1883,6559.1313
US,1884,6523.1343
US,1885,6424.143
US,1886,6471.7104
US,1887,6616.9834
US,1888,6447.284
US,1889,6705.6895
US,1890,6664.5503
US,1891,6811.109
US,1892,7324.063
US,1893,6834.2495
US,1894,6510.2783
US,1895,7159.5063
US,1896,6885.674
US,1897,7406.342
US,1898,7426.911
US,1899,7959.1494
US,1900,8037.5713
US,1901,8770.363
US,1902,8684.228
US,1903,8941.348
US,1904,8663.658
US,1905,9121.332
US,1906,9980.113
US,1907,9950.544
US,1908,8975.976
US,1909,9798.118
US,1910,9636.783
US,1911,9735.89
US,1912,9976.567
US,1913,10107.97
US,1914,9096.372
US,1915,9164.177
US,1916,10222.32
US,1917,9769.078
US,1918,10471.306
US,1919,10449.78
US,1920,10152.927
US,1921,9674.881
US,1922,10009.715
US,1923,11071.243
US,1924,11126.713
US,1925,11149.772
US,1926,11647.768
US,1927,11532.397
US,1928,11451.069
US,1929,11954.235
US,1930,10694.982
US,1931,9930.964
US,1932,8380.504
US,1933,8048.2246
US,1934,8667.092
US,1935,9680.839
US,1936,10568.013
US,1937,11295.099
US,1938,10526.134
US,1939,11171.448
US,1940,12005.095
US,1941,13553.401
US,1942,14869.861
US,1943,16050.218
US,1944,16999.328
US,1945,16477.553
US,1946,14822.467
US,1947,14311.547
US,1948,14734.232
US,1949,14196.672
US,1950,15240.0
US,1951,16125.0
US,1952,16444.0
US,1953,16917.0
US,1954,16512.0
US,1955,17370.0
US,1956,17397.0
US,1957,17406.0
US,1958,16946.0
US,1959,17900.0
US,1960,18057.0
US,1961,18175.0
US,1962,18976.0
US,1963,19514.0
US,1964,20360.0
US,1965,21390.0
US,1966,22529.0
US,1967,22842.0
US,1968,23691.0
US,1969,24195.0
US,1970,23958.0
US,1971,24394.0
US,1972,25414.0
US,1973,26602.0
US,1974,26286.0
US,1975,25956.0
US,1976,27058.0
US,1977,28001.0
US,1978,29286.0
US,1979,29949.0
US,1980,29611.0
US,1981,30056.0
US,1982,29210.0
US,1983,30158.0
US,1984,32076.0
US,1985,33023.0
US,1986,33850.0
US,1987,34730.0
US,1988,35863.0
US,1989,36756.0
US,1990,36982.0
US,1991,36463.957
US,1992,37240.3
US,1993,37761.535
US,1994,38807.28
US,1995,39390.625
US,1996,40412.75
US,1997,41722.67
US,1998,43072.758
US,1999,44575.848
US,2000,45886.47
US,2001,45878.008
US,2002,46266.297
US,2003,47157.996
US,2004,48492.72
US,2005,49654.76
US,2006,50489.86
US,2007,50901.746
US,2008,50275.746
US,2009,48452.934
US,2010,49266.914
US,2011,49675.0
US,2012,50436.434
US,2013,51010.797
US,2014,51796.62
US,2015,52808.152
US,2016,53301.016
US,2017,54152.363
US,2018,55454.668
US,2019,56469.26
US,2020,54379.207
US,2021,57522.703
US,2022,58487.465
