year,anomaly
1000,0.0030465
1001,-0.006229
1002,-0.014937
1003,-0.022072
1004,-0.027126
1005,-0.030245
1006,-0.032083
1007,-0.03342
1008,-0.034744
1009,-0.035978
1010,-0.036503
1011,-0.035484
1012,-0.032357
1013,-0.027283
1014,-0.021349
1015,-0.016398
1016,-0.014509
1017,-0.017293
1018,-0.025239
1019,-0.03736
1020,-0.051282
1021,-0.063798
1022,-0.071728
1023,-0.07284
1024,-0.066562
1025,-0.054256
1026,-0.03897
1027,-0.024713
1028,-0.015467
1029,-0.014181
1030,-0.022022
1031,-0.038077
1032,-0.059563
1033,-0.082483
1034,-0.10254
1035,-0.11609
1036,-0.12087
1037,-0.11638
1038,-0.10385
1039,-0.085764
1040,-0.065213
1041,-0.045119
1042,-0.027619
1043,-0.013703
1044,-0.0031992
1045,0.0049089
1046,0.011943
1047,0.018922
1048,0.026086
1049,0.032694
1050,0.037207
1051,0.037801
1052,0.033084
1053,0.022783
1054,0.0081403
1055,-0.0081582
1056,-0.022582
1057,-0.031744
1058,-0.033505
1059,-0.02781
1060,-0.01696
1061,-0.005138
1062,0.0027109
1063,0.0023532
1064,-0.0083771
1065,-0.028785
1066,-0.055374
1067,-0.082772
1068,-0.10525
1069,-0.11834
1070,-0.12008
1071,-0.11146
1072,-0.095944
1073,-0.078338
1074,-0.063312
1075,-0.054131
1076,-0.051933
1077,-0.055754
1078,-0.06317
1079,-0.071296
1080,-0.077746
1081,-0.081243
1082,-0.081739
1083,-0.080092
1084,-0.077499
1085,-0.074961
1086,-0.072997
1087,-0.071695
1088,-0.071037
1089,-0.07131
1090,-0.073384
1091,-0.078694
1092,-0.088878
1093,-0.10519
1094,-0.1279
1095,-0.15591
1096,-0.18681
1097,-0.21735
1098,-0.24426
1099,-0.26515
1100,-0.27921
1101,-0.28749
1102,-0.29256
1103,-0.29773
1104,-0.30606
1105,-0.31932
1106,-0.33743
1107,-0.35838
1108,-0.37871
1109,-0.3945
1110,-0.40242
1111,-0.40065
1112,-0.38942
1113,-0.37095
1114,-0.3489
1115,-0.32747
1116,-0.3104
1117,-0.30013
1118,-0.29727
1119,-0.30059
1120,-0.30737
1121,-0.31408
1122,-0.31721
1123,-0.31407
1124,-0.30335
1125,-0.28539
1126,-0.26212
1127,-0.23665
1128,-0.2126
1129,-0.19339
1130,-0.18154
1131,-0.17819
1132,-0.18289
1133,-0.19372
1134,-0.20785
1135,-0.2221
1136,-0.23378
1137,-0.24126
1138,-0.24433
1139,-0.24423
1140,-0.24328
1141,-0.24421
1142,-0.24943
1143,-0.26038
1144,-0.2771
1145,-0.29825
1146,-0.32137
1147,-0.34355
1148,-0.36206
1149,-0.37493
1150,-0.38128
1151,-0.38133
1152,-0.37618
1153,-0.36739
1154,-0.35665
1155,-0.34544
1156,-0.33495
1157,-0.326
1158,-0.31912
1159,-0.31457
1160,-0.31233
1161,-0.31203
1162,-0.3129
1163,-0.31378
1164,-0.31325
1165,-0.30988
1166,-0.30255
1167,-0.2907
1168,-0.27455
1169,-0.25504
1170,-0.23372
1171,-0.21238
1172,-0.19279
1173,-0.1764
1174,-0.16424
1175,-0.15687
1176,-0.15456
1177,-0.1574
1178,-0.16541
1179,-0.17856
1180,-0.19659
1181,-0.21889
1182,-0.24424
1183,-0.27086
1184,-0.29644
1185,-0.3186
1186,-0.33527
1187,-0.34516
1188,-0.34806
1189,-0.34483
1190,-0.33706
1191,-0.32656
1192,-0.31479
1193,-0.30241
1194,-0.28921
1195,-0.27436
1196,-0.25705
1197,-0.23709
1198,-0.21537
1199,-0.19399
1200,-0.1758
1201,-0.1637
1202,-0.15974
1203,-0.16439
1204,-0.1763
1205,-0.19261
1206,-0.20973
1207,-0.22431
1208,-0.23417
1209,-0.23871
1210,-0.23889
1211,-0.23656
1212,-0.23365
1213,-0.23137
1214,-0.22977
1215,-0.22778
1216,-0.22373
1217,-0.21605
1218,-0.20399
1219,-0.18795
1220,-0.16945
1221,-0.15066
1222,-0.13381
1223,-0.12062
1224,-0.11197
1225,-0.10792
1226,-0.10797
1227,-0.11141
1228,-0.11757
1229,-0.12586
1230,-0.13567
1231,-0.14612
1232,-0.15599
1233,-0.16377
1234,-0.16807
1235,-0.16811
1236,-0.16417
1237,-0.15775
1238,-0.15134
1239,-0.14775
1240,-0.14922
1241,-0.15671
1242,-0.16939
1243,-0.18487
1244,-0.19985
1245,-0.21117
1246,-0.21684
1247,-0.21664
1248,-0.21222
1249,-0.20638
1250,-0.20213
1251,-0.20151
1252,-0.20487
1253,-0.21068
1254,-0.21607
1255,-0.21783
1256,-0.21358
1257,-0.20264
1258,-0.18642
1259,-0.16804
1260,-0.15145
1261,-0.14037
1262,-0.13726
1263,-0.14285
1264,-0.15613
1265,-0.17497
1266,-0.1968
1267,-0.21943
1268,-0.24138
1269,-0.26191
1270,-0.28065
1271,-0.29716
1272,-0.31059
1273,-0.31965
1274,-0.32298
1275,-0.3197
1276,-0.31009
1277,-0.29581
1278,-0.27984
1279,-0.26579
1280,-0.25699
1281,-0.25549
1282,-0.26138
1283,-0.27278
1284,-0.28634
1285,-0.2984
1286,-0.30616
1287,-0.30862
1288,-0.30697
1289,-0.30407
1290,-0.30336
1291,-0.30753
1292,-0.31725
1293,-0.3307
1294,-0.34386
1295,-0.35174
1296,-0.35001
1297,-0.3366
1298,-0.31267
1299,-0.28263
1300,-0.25305
1301,-0.23082
1302,-0.22111
1303,-0.22574
1304,-0.2425
1305,-0.26576
1306,-0.28807
1307,-0.3024
1308,-0.30433
1309,-0.29339
1310,-0.27318
1311,-0.25033
1312,-0.23233
1313,-0.22521
1314,-0.2316
1315,-0.24976
1316,-0.27401
1317,-0.29623
1318,-0.30813
1319,-0.3035
1320,-0.27982
1321,-0.2389
1322,-0.18633
1323,-0.13
1324,-0.078293
1325,-0.038267
1326,-0.014533
1327,-0.0088594
1328,-0.020549
1329,-0.047302
1330,-0.086179
1331,-0.13432
1332,-0.18922
1333,-0.24858
1334,-0.30985
1335,-0.36992
1336,-0.42497
1337,-0.4709
1338,-0.50402
1339,-0.52207
1340,-0.52501
1341,-0.51533
1342,-0.49782
1343,-0.47858
1344,-0.46357
1345,-0.45721
1346,-0.46116
1347,-0.47398
1348,-0.49152
1349,-0.5081
1350,-0.5181
1351,-0.51744
1352,-0.50451
1353,-0.48042
1354,-0.44825
1355,-0.41194
1356,-0.37501
1357,-0.33957
1358,-0.30613
1359,-0.27396
1360,-0.24202
1361,-0.20995
1362,-0.17864
1363,-0.15028
1364,-0.12767
1365,-0.11313
1366,-0.10747
1367,-0.10932
1368,-0.11528
1369,-0.12077
1370,-0.12145
1371,-0.11459
1372,-0.10009
1373,-0.080572
1374,-0.060631
1375,-0.045416
1376,-0.038945
1377,-0.042773
1378,-0.055418
1379,-0.072773
1380,-0.08936
1381,-0.10006
1382,-0.10173
1383,-0.094262
1384,-0.080641
1385,-0.066111
1386,-0.056633
1387,-0.057166
1388,-0.070276
1389,-0.095491
1390,-0.12954
1391,-0.16734
1392,-0.20339
1393,-0.23307
1394,-0.2536
1395,-0.26429
1396,-0.26619
1397,-0.26135
1398,-0.252
1399,-0.23982
1400,-0.22569
1401,-0.20975
1402,-0.19175
1403,-0.17155
1404,-0.14948
1405,-0.12649
1406,-0.10409
1407,-0.084034
1408,-0.067917
1409,-0.05685
1410,-0.051231
1411,-0.050731
1412,-0.054455
1413,-0.061218
1414,-0.069845
1415,-0.079404
1416,-0.089298
1417,-0.099219
1418,-0.10898
1419,-0.11832
1420,-0.12676
1421,-0.13357
1422,-0.13793
1423,-0.13917
1424,-0.13708
1425,-0.13225
1426,-0.1261
1427,-0.12082
1428,-0.11895
1429,-0.12282
1430,-0.13391
1431,-0.15231
1432,-0.17653
1433,-0.20362
1434,-0.22974
1435,-0.25105
1436,-0.26461
1437,-0.26916
1438,-0.2655
1439,-0.25635
1440,-0.24574
1441,-0.23807
1442,-0.23704
1443,-0.2449
1444,-0.26199
1445,-0.28693
1446,-0.31714
1447,-0.34966
1448,-0.38201
1449,-0.41272
1450,-0.44149
1451,-0.46894
1452,-0.49596
1453,-0.52305
1454,-0.54969
1455,-0.57419
1456,-0.59382
1457,-0.60547
1458,-0.60647
1459,-0.59545
1460,-0.57297
1461,-0.54174
1462,-0.50632
1463,-0.47238
1464,-0.44563
1465,-0.43071
1466,-0.43017
1467,-0.44392
1468,-0.4691
1469,-0.50068
1470,-0.53233
1471,-0.55783
1472,-0.57229
1473,-0.57325
1474,-0.56115
1475,-0.53923
1476,-0.51266
1477,-0.48729
1478,-0.46818
1479,-0.4584
1480,-0.45832
1481,-0.4657
1482,-0.47641
1483,-0.48558
1484,-0.48901
1485,-0.48417
1486,-0.47077
1487,-0.45065
1488,-0.42709
1489,-0.40383
1490,-0.38404
1491,-0.36955
1492,-0.36056
1493,-0.35578
1494,-0.35301
1495,-0.34986
1496,-0.34444
1497,-0.33581
1498,-0.3241
1499,-0.31036
1500,-0.29617
1501,-0.28321
1502,-0.27292
1503,-0.2663
1504,-0.26386
1505,-0.26575
1506,-0.27186
1507,-0.2819
1508,-0.29549
1509,-0.31208
1510,-0.33097
1511,-0.35136
1512,-0.37244
1513,-0.39356
1514,-0.41425
1515,-0.43429
1516,-0.45346
1517,-0.47131
1518,-0.48697
1519,-0.49912
1520,-0.50623
1521,-0.50712
1522,-0.50153
1523,-0.49061
1524,-0.47693
1525,-0.464
1526,-0.45538
1527,-0.45344
1528,-0.4585
1529,-0.46842
1530,-0.47908
1531,-0.48548
1532,-0.48334
1533,-0.47055
1534,-0.44809
1535,-0.41991
1536,-0.39201
1537,-0.37073
1538,-0.36096
1539,-0.36474
1540,-0.3807
1541,-0.40443
1542,-0.42979
1543,-0.45047
1544,-0.46164
1545,-0.46098
1546,-0.44899
1547,-0.42858
1548,-0.40417
1549,-0.38052
1550,-0.36174
1551,-0.35054
1552,-0.34794
1553,-0.35329
1554,-0.36448
1555,-0.37848
1556,-0.3918
1557,-0.40117
1558,-0.40414
1559,-0.39972
1560,-0.38866
1561,-0.37347
1562,-0.35797
1563,-0.34642
1564,-0.34242
1565,-0.3479
1566,-0.36258
1567,-0.38401
1568,-0.40832
1569,-0.43145
1570,-0.45037
1571,-0.464
1572,-0.47341
1573,-0.48117
1574,-0.49018
1575,-0.50236
1576,-0.51759
1577,-0.53353
1578,-0.54618
1579,-0.55127
1580,-0.54581
1581,-0.52933
1582,-0.5044
1583,-0.47607
1584,-0.45052
1585,-0.43325
1586,-0.42736
1587,-0.43266
1588,-0.44567
1589,-0.46079
1590,-0.47204
1591,-0.47496
1592,-0.468
1593,-0.45294
1594,-0.43423
1595,-0.41747
1596,-0.40755
1597,-0.40704
1598,-0.41539
1599,-0.42918
1600,-0.44333
1601,-0.45284
1602,-0.45441
1603,-0.44748
1604,-0.43425
1605,-0.4188
1606,-0.40559
1607,-0.39795
1608,-0.39704
1609,-0.40169
1610,-0.40908
1611,-0.41609
1612,-0.42055
1613,-0.42225
1614,-0.42293
1615,-0.42559
1616,-0.43314
1617,-0.447
1618,-0.46622
1619,-0.48738
1620,-0.50546
1621,-0.51527
1622,-0.51315
1623,-0.49807
1624,-0.47205
1625,-0.4395
1626,-0.40585
1627,-0.37598
1628,-0.35283
1629,-0.33686
1630,-0.32631
1631,-0.31834
1632,-0.31039
1633,-0.30143
1634,-0.29256
1635,-0.28672
1636,-0.28773
1637,-0.29885
1638,-0.32138
1639,-0.35393
1640,-0.39232
1641,-0.43051
1642,-0.46199
1643,-0.48143
1644,-0.48601
1645,-0.47604
1646,-0.45477
1647,-0.42734
1648,-0.39932
1649,-0.37523
1650,-0.35742
1651,-0.34567
1652,-0.33768
1653,-0.33006
1654,-0.3197
1655,-0.3049
1656,-0.28607
1657,-0.26564
1658,-0.24736
1659,-0.23514
1660,-0.23187
1661,-0.2386
1662,-0.25421
1663,-0.2758
1664,-0.29962
1665,-0.32217
1666,-0.34117
1667,-0.35618
1668,-0.36851
1669,-0.38064
1670,-0.39529
1671,-0.41435
1672,-0.43825
1673,-0.46564
1674,-0.49387
1675,-0.5197
1676,-0.54031
1677,-0.55408
1678,-0.56088
1679,-0.56187
1680,-0.55886
1681,-0.55341
1682,-0.54624
1683,-0.53701
1684,-0.52471
1685,-0.50847
1686,-0.48848
1687,-0.46669
1688,-0.44679
1689,-0.43355
1690,-0.43162
1691,-0.44396
1692,-0.47076
1693,-0.50892
1694,-0.55259
1695,-0.59442
1696,-0.6274
1697,-0.64662
1698,-0.65038
1699,-0.64036
1700,-0.62093
1701,-0.59756
1702,-0.57524
1703,-0.55712
1704,-0.54393
1705,-0.53434
1706,-0.52592
1707,-0.51643
1708,-0.50495
1709,-0.49234
1710,-0.48099
1711,-0.47398
1712,-0.47393
1713,-0.48197
1714,-0.49719
1715,-0.51677
1716,-0.53658
1717,-0.55229
1718,-0.56038
1719,-0.55899
1720,-0.54833
1721,-0.53058
1722,-0.5094
1723,-0.48918
1724,-0.47408
1725,-0.46721
1726,-0.4699
1727,-0.48137
1728,-0.4988
1729,-0.5179
1730,-0.53386
1731,-0.54252
1732,-0.5415
1733,-0.53084
1734,-0.51306
1735,-0.49249
1736,-0.47393
1737,-0.46123
1738,-0.45602
1739,-0.45716
1740,-0.46109
1741,-0.46303
1742,-0.45859
1743,-0.44538
1744,-0.42395
1745,-0.39774
1746,-0.37214
1747,-0.35279
1748,-0.34386
1749,-0.34674
1750,-0.35968
1751,-0.37837
1752,-0.39735
1753,-0.41168
1754,-0.41838
1755,-0.41711
1756,-0.41002
1757,-0.40082
1758,-0.39353
1759,-0.39116
1760,-0.39495
1761,-0.40428
1762,-0.41704
1763,-0.43058
1764,-0.44249
1765,-0.45128
1766,-0.45658
1767,-0.45895
1768,-0.45947
1769,-0.45918
1770,-0.45875
1771,-0.45832
1772,-0.45753
1773,-0.4557
1774,-0.45211
1775,-0.44616
1776,-0.43756
1777,-0.42638
1778,-0.41313
1779,-0.39876
1780,-0.38451
1781,-0.37175
1782,-0.3616
1783,-0.35464
1784,-0.35065
1785,-0.34852
1786,-0.34659
1787,-0.34311
1788,-0.33696
1789,-0.32814
1790,-0.31801
1791,-0.30905
1792,-0.30421
1793,-0.30598
1794,-0.31553
1795,-0.33218
1796,-0.35343
1797,-0.37551
1798,-0.39434
1799,-0.4067
1800,-0.41109
1801,-0.4082
1802,-0.40085
1803,-0.39327
1804,-0.39012
1805,-0.39531
1806,-0.41104
1807,-0.4372
1808,-0.47135
1809,-0.50913
1810,-0.54524
1811,-0.57455
1812,-0.59311
1813,-0.59898
1814,-0.59247
1815,-0.57586
1816,-0.55268
1817,-0.52668
1818,-0.50097
1819,-0.47732
1820,-0.45601
1821,-0.43612
1822,-0.41626
1823,-0.39531
1824,-0.37315
1825,-0.35095
1826,-0.33111
1827,-0.31675
1828,-0.31099
1829,-0.3161
1830,-0.33289
1831,-0.36043
1832,-0.3961
1833,-0.43612
1834,-0.47629
1835,-0.51287
1836,-0.54328
1837,-0.56655
1838,-0.5832
1839,-0.59483
1840,-0.60319
1841,-0.60935
1842,-0.61299
1843,-0.61218
1844,-0.60382
1845,-0.58451
1846,-0.55179
1847,-0.50527
1848,-0.44731
1849,-0.38303
1850,-0.32778
1851,-0.21188
1852,-0.166345
1853,-0.192075
1854,-0.14089
1855,-0.212365
1856,-0.325985
1857,-0.36305
1858,-0.383805
1859,-0.310075
1860,-0.39497
1861,-0.361985
1862,-0.539425
1863,-0.28557
1864,-0.42648
1865,-0.2728
1866,-0.231275
1867,-0.286025
1868,-0.181495
1869,-0.189905
1870,-0.241435
1871,-0.35125
1872,-0.252075
1873,-0.30442
1874,-0.28032
1875,-0.37868
1876,-0.276
1877,-0.087195
1878,0.015005
1879,-0.198215
1880,-0.225445
1881,-0.24699
1882,-0.273465
1883,-0.34843
1884,-0.41388
1885,-0.35883
1886,-0.336625
1887,-0.33708
1888,-0.2879
1889,-0.22723
1890,-0.350425
1891,-0.32811
1892,-0.429865
1893,-0.474705
1894,-0.386525
1895,-0.36796
1896,-0.23709
1897,-0.20803
1898,-0.259245
1899,-0.21417
1900,-0.153725
1901,-0.18169
1902,-0.32654
1903,-0.370995
1904,-0.44092
1905,-0.389075
1906,-0.33593
1907,-0.482375
1908,-0.473375
1909,-0.463885
1910,-0.441155
1911,-0.435185
1912,-0.4504
1913,-0.43507
1914,-0.325825
1915,-0.266775
1916,-0.394185
1917,-0.445085
1918,-0.37046
1919,-0.36694
1920,-0.31599
1921,-0.214545
1922,-0.271115
1923,-0.247225
1924,-0.22575
1925,-0.15766
1926,-0.09022
1927,-0.13318
1928,-0.14158
1929,-0.22619
1930,-0.07063
1931,-0.04509
1932,-0.09177
1933,-0.1687645
1934,-0.053471
1935,-0.0683255
1936,-0.0253215
1937,0.0547205
1938,0.0881055
1939,0.0663485
1940,0.054245
1941,0.0667895
1942,0.0487965
1943,0.0737115
1944,0.100616
1945,0.0040795
1946,-0.0074555
1947,-0.021074
1948,0.003063
1949,-0.0544775
1950,-0.1288445
1951,-0.020818
1952,-0.0289155
1953,0.0501365
1954,-0.0769565
1955,-0.0871755
1956,-0.1658045
1957,-0.019285
1958,0.045879
1959,0.0341653
1960,0.0108372
1961,0.0362006
1962,0.0435015
1963,0.064792
1964,-0.103199
1965,-0.094439
1966,-0.0328565
1967,-0.0266605
1968,-0.0760815
1969,-0.077615
1970,-0.08661
1971,-0.16454
1972,-0.18791
1973,-0.070265
1974,-0.211745
1975,-0.13373
1976,-0.202175
1977,-0.017193
1978,-0.039881
1979,0.0099675
1980,0.0532555
1981,0.142101
1982,0.0085785
1983,0.1036015
1984,-0.0248305
1985,-0.045043
1986,0.042264
1987,0.1197105
1988,0.176245
1989,0.15775
1990,0.29478
1991,0.255965
1992,0.14125
1993,0.174945
1994,0.257765
1995,0.36481
1996,0.23443
1997,0.396135
1998,0.4986
1999,0.41898
2000,0.438275
2001,0.53332
2002,0.565375
2003,0.601295
2004,0.591035
2005,0.657175
2006,0.636215
2007,0.713
2008,0.569
2009,0.594
2010,0.74
2011,0.575
2012,0.627
2013,0.674
2014,0.779
2015,1.033
2016,1.064
2017,0.922
2018,0.789
2019,0.972
